Team,Rank,Point,Score,Lose_score,Balance,AverageAge
AFC Bournemouth,12,44,45,61,-34.30m,26.7
Arsenal FC,6,63,74,51,9.15m,26.5
Brighton & Hove Albion,15,40,34,54,-66.10m,27.4
Burnley FC,7,54,36,39,14.26m,27.3
Chelsea FC,5,70,62,38,-65.90m,26.6
Crystal Palace,11,44,45,55,-52.95m,27.0
Everton FC,8,49,44,58,-76.82m,26.3
Huddersfield Town,16,37,28,58,-50.30m,26.2
Leicester City,9,47,56,60,-33.75m,26.8
Liverpool FC,4,75,84,38,10.85m,25.5
Manchester City,1,100,106,27,-226.15m,26.0
Manchester United,2,81,68,28,-152.90m,26.3
Newcastle United,10,44,39,47,-25.28m,25.5
Southampton FC,17,36,37,56,37.10m,26.0
Stoke City,19,33,35,68,-22.56m,27.5
Swansea City,18,33,28,56,7.72m,27.0
Tottenham Hotspur,3,77,74,36,-17.20m,25.8
Watford FC,14,41,44,64,-54.66m,27.6
West Bromwich Albion,20,31,31,56,-51.45m,28.7
West Ham United,13,42,48,68,12.22m,27.6
